{
  "precision": 0.16017316017316016,
  "recall": 0.8409090909090909,
  "f1_score": 0.2690909090909091,
  "roc_auc": 0.915857438016529,
  "pr_auc": 0.3216847868053532,
  "log_loss": 0.39183821417865483,
  "confusion_matrix": [
    [
      1126,
      194
    ],
    [
      7,
      37
    ]
  ],
  "classification_report": {
    "0": {
      "precision": 0.9938217122683142,
      "recall": 0.853030303030303,
      "f1-score": 0.9180595189563799,
      "support": 1320.0
    },
    "1": {
      "precision": 0.16017316017316016,
      "recall": 0.8409090909090909,
      "f1-score": 0.2690909090909091,
      "support": 44.0
    },
    "accuracy": 0.8526392961876833,
    "macro avg": {
      "precision": 0.5769974362207372,
      "recall": 0.8469696969696969,
      "f1-score": 0.5935752140236445,
      "support": 1364.0
    },
    "weighted avg": {
      "precision": 0.966929823491051,
      "recall": 0.8526392961876833,
      "f1-score": 0.897125047670397,
      "support": 1364.0
    }
  }
}